{"cameraMode":{"drawMode":0,"name":"Shaded","section":"Shading Mode"},"sceneLighting":true,"audioPlay":false,"sceneViewState":{"showFog":true,"showMaterialUpdate":false,"showSkybox":true,"showFlares":true,"showImageEffects":true,"showParticleSystems":true},"in2DMode":false,"pivot":{"x":9.02337646484375,"y":1.6849391460418702,"z":2.4559807777404787},"rotation":{"x":-0.06425251811742783,"y":-0.590158998966217,"z":0.04719969257712364,"w":-0.8033486604690552},"size":0.2720702290534973,"orthographic":false}