{"cameraMode":{"drawMode":0,"name":"Shaded","section":"Shading Mode"},"sceneLighting":false,"audioPlay":false,"sceneViewState":{"showFog":true,"showMaterialUpdate":false,"showSkybox":false,"showFlares":true,"showImageEffects":true,"showParticleSystems":true},"in2DMode":false,"pivot":{"x":-5.463035583496094,"y":0.5910000801086426,"z":-4.235030651092529},"rotation":{"x":0.35667672753334048,"y":-0.08970078080892563,"z":0.033521730452775958,"w":0.9295299053192139},"size":0.4991564452648163,"orthographic":false}